indicator_id,country_id,year,value,magnitude,qualifier
#indicator+code,#country+code,#date+year,#indicator+value+num,,
200101,GHA,1970,8735.495,,
200101,GHA,1971,8973.244,,
200101,GHA,1972,9229.631,,
200101,GHA,1973,9493.556,,
200101,GHA,1974,9749.104,,
200101,GHA,1975,9985.946,,
200101,GHA,1976,10199.165,,
200101,GHA,1977,10395.452,,
200101,GHA,1978,10590.261,,
200101,GHA,1979,10805.314,,
200101,GHA,1980,11056.116,,
200101,GHA,1981,11348.289,,
200101,GHA,1982,11676.823,,
200101,GHA,1983,12033.575,,
200101,GHA,1984,12405.66,,
200101,GHA,1985,12783.613,,
200101,GHA,1986,13164.837,,
200101,GHA,1987,13552.021,,
200101,GHA,1988,13947.042,,
200101,GHA,1989,14353.41,,
200101,GHA,1990,14773.277,,
200101,GHA,1991,15207.367,,
200101,GHA,1992,15653.336,,
200101,GHA,1993,16106.765,,
200101,GHA,1994,16561.674,,
200101,GHA,1995,17014.057,,
200101,GHA,1996,17462.496,,
200101,GHA,1997,17908.985,,
200101,GHA,1998,18357.156,,
200101,GHA,1999,18812.359,,
200101,GHA,2000,19278.856,,
200101,GHA,2001,19756.928,,
200101,GHA,2002,20246.381,,
200101,GHA,2003,20750.299,,
200101,GHA,2004,21272.323,,
200101,GHA,2005,21814.642,,
200101,GHA,2006,22379.055,,
200101,GHA,2007,22963.946,,
200101,GHA,2008,23563.825,,
200101,GHA,2009,24170.94,,
200101,GHA,2010,24779.619,,
200101,GHA,2011,25387.712,,
200101,GHA,2012,25996.45,,
200101,GHA,2013,26607.645,,
200101,GHA,2014,27224.473,,
200101,GHA,2015,27849.205,,
200101,GHA,2016,28481.945,,
200101,GHA,2017,29121.465,,
200101,GHA,2018,29767.102,,
200101,GHA,2019,30417.856,,
200144,GHA,1970,1611.32,,
200144,GHA,1971,1642.38,,
200144,GHA,1972,1681.265,,
200144,GHA,1973,1728.284,,
200144,GHA,1974,1783.497,,
200144,GHA,1975,1846.598,,
200144,GHA,1976,1901.075,,
200144,GHA,1977,1967.285,,
200144,GHA,1978,2045.158,,
200144,GHA,1979,2133.096,,
200144,GHA,1980,2229.835,,
200144,GHA,1981,2324.567,,
200144,GHA,1982,2422.692,,
200144,GHA,1983,2522.073,,
200144,GHA,1984,2619.767,,
200144,GHA,1985,2713.477,,
200144,GHA,1986,2793.43,,
200144,GHA,1987,2869.83,,
200144,GHA,1988,2943.656,,
200144,GHA,1989,3016.637,,
200144,GHA,1990,3090.179,,
200144,GHA,1991,3157.646,,
200144,GHA,1992,3227.456,,
200144,GHA,1993,3298.941,,
200144,GHA,1994,3371.268,,
200144,GHA,1995,3444.425,,
200144,GHA,1996,3512.128,,
200144,GHA,1997,3581.608,,
200144,GHA,1998,3656.443,,
200144,GHA,1999,3741.091,,
200144,GHA,2000,3837.762,,
200144,GHA,2001,3938.557,,
200144,GHA,2002,4050.944,,
200144,GHA,2003,4171.709,,
200144,GHA,2004,4295.341,,
200144,GHA,2005,4418.302,,
200144,GHA,2006,4542.26,,
200144,GHA,2007,4663.854,,
200144,GHA,2008,4782.402,,
200144,GHA,2009,4897.753,,
200144,GHA,2010,5009.314,,
200144,GHA,2011,5108.815,,
200144,GHA,2012,5206.172,,
200144,GHA,2013,5302.667,,
200144,GHA,2014,5399.846,,
200144,GHA,2015,5498.774,,
200144,GHA,2016,5592.584,,
200144,GHA,2017,5690.845,,
200144,GHA,2018,5792.305,,
200144,GHA,2019,5894.756,,
200151,GHA,1970,215.08,,
200151,GHA,1971,223.283,,
200151,GHA,1972,231.581,,
200151,GHA,1973,239.759,,
200151,GHA,1974,247.449,,
200151,GHA,1975,254.476,,
200151,GHA,1976,263.672,,
200151,GHA,1977,271.916,,
200151,GHA,1978,279.626,,
200151,GHA,1979,287.329,,
200151,GHA,1980,295.419,,
200151,GHA,1981,305.8,,
200151,GHA,1982,316.579,,
200151,GHA,1983,327.673,,
200151,GHA,1984,338.887,,
200151,GHA,1985,350.092,,
200151,GHA,1986,363.456,,
200151,GHA,1987,376.535,,
200151,GHA,1988,389.422,,
200151,GHA,1989,402.248,,
200151,GHA,1990,415.166,,
200151,GHA,1991,430.38,,
200151,GHA,1992,445.523,,
200151,GHA,1993,460.565,,
200151,GHA,1994,475.378,,
200151,GHA,1995,489.954,,
200151,GHA,1996,505.006,,
200151,GHA,1997,518.816,,
200151,GHA,1998,531.572,,
200151,GHA,1999,543.513,,
200151,GHA,2000,554.857,,
200151,GHA,2001,568.28,,
200151,GHA,2002,581.01,,
200151,GHA,2003,593.157,,
200151,GHA,2004,604.653,,
200151,GHA,2005,615.625,,
200151,GHA,2006,632.836,,
200151,GHA,2007,649.14,,
200151,GHA,2008,665.541,,
200151,GHA,2009,683.342,,
200151,GHA,2010,703.246,,
200151,GHA,2011,729.546,,
200151,GHA,2012,757.341,,
200151,GHA,2013,785.457,,
200151,GHA,2014,812.067,,
200151,GHA,2015,836.532,,
200151,GHA,2016,863.201,,
200151,GHA,2017,888.148,,
200151,GHA,2018,913.522,,
200151,GHA,2019,942.139,,
200343,GHA,1970,4061.65,,
200343,GHA,1971,4194.574,,
200343,GHA,1972,4327.882,,
200343,GHA,1973,4456.383,,
200343,GHA,1974,4572.983,,
200343,GHA,1975,4672.83,,
200343,GHA,1976,4790.057,,
200343,GHA,1977,4890.326,,
200343,GHA,1978,4981.567,,
200343,GHA,1979,5076.478,,
200343,GHA,1980,5184.702,,
200343,GHA,1981,5286.362,,
200343,GHA,1982,5400.767,,
200343,GHA,1983,5524.873,,
200343,GHA,1984,5653.274,,
200343,GHA,1985,5782.361,,
200343,GHA,1986,5930.105,,
200343,GHA,1987,6077.296,,
200343,GHA,1988,6225.43,,
200343,GHA,1989,6376.189,,
200343,GHA,1990,6530.231,,
200343,GHA,1991,6703.3,,
200343,GHA,1992,6873.095,,
200343,GHA,1993,7039.836,,
200343,GHA,1994,7203.565,,
200343,GHA,1995,7363.354,,
200343,GHA,1996,7534.752,,
200343,GHA,1997,7705.416,,
200343,GHA,1998,7872.633,,
200343,GHA,1999,8032.571,,
200343,GHA,2000,8184.335,,
200343,GHA,2001,8341.348,,
200343,GHA,2002,8485.5,,
200343,GHA,2003,8623.18,,
200343,GHA,2004,8764.428,,
200343,GHA,2005,8915.026,,
200343,GHA,2006,9069.965,,
200343,GHA,2007,9234.685,,
200343,GHA,2008,9404.719,,
200343,GHA,2009,9572.714,,
200343,GHA,2010,9735.036,,
200343,GHA,2011,9922.52,,
200343,GHA,2012,10104.93,,
200343,GHA,2013,10283.494,,
200343,GHA,2014,10460.255,,
200343,GHA,2015,10636.09,,
200343,GHA,2016,10829.605,,
200343,GHA,2017,11013.747,,
200343,GHA,2018,11191.258,,
200343,GHA,2019,11365.593,,
200345,GHA,1970,2847.445,,
200345,GHA,1971,2913.007,,
200345,GHA,1972,2988.903,,
200345,GHA,1973,3069.13,,
200345,GHA,1974,3145.175,,
200345,GHA,1975,3212.042,,
200345,GHA,1976,3244.361,,
200345,GHA,1977,3265.925,,
200345,GHA,1978,3283.91,,
200345,GHA,1979,3308.411,,
200345,GHA,1980,3346.16,,
200345,GHA,1981,3431.56,,
200345,GHA,1982,3536.785,,
200345,GHA,1983,3658.956,,
200345,GHA,1984,3793.732,,
200345,GHA,1985,3937.683,,
200345,GHA,1986,4077.846,,
200345,GHA,1987,4228.36,,
200345,GHA,1988,4388.534,,
200345,GHA,1989,4558.336,,
200345,GHA,1990,4737.701,,
200345,GHA,1991,4916.041,,
200345,GHA,1992,5107.262,,
200345,GHA,1993,5307.423,,
200345,GHA,1994,5511.463,,
200345,GHA,1995,5716.324,,
200345,GHA,1996,5910.61,,
200345,GHA,1997,6103.145,,
200345,GHA,1998,6296.508,,
200345,GHA,1999,6495.184,,
200345,GHA,2000,6701.902,,
200345,GHA,2001,6908.743,,
200345,GHA,2002,7128.927,,
200345,GHA,2003,7362.253,,
200345,GHA,2004,7607.901,,
200345,GHA,2005,7865.689,,
200345,GHA,2006,8133.994,,
200345,GHA,2007,8416.267,,
200345,GHA,2008,8711.163,,
200345,GHA,2009,9017.131,,
200345,GHA,2010,9332.023,,
200345,GHA,2011,9626.831,,
200345,GHA,2012,9928.007,,
200345,GHA,2013,10236.027,,
200345,GHA,2014,10552.305,,
200345,GHA,2015,10877.809,,
200345,GHA,2016,11196.555,,
200345,GHA,2017,11528.725,,
200345,GHA,2018,11870.017,,
200345,GHA,2019,12215.368,,
DT.TDS.DECT.GN.ZS,GHA,1970,2.35559,,
DT.TDS.DECT.GN.ZS,GHA,1971,2.38701,,
DT.TDS.DECT.GN.ZS,GHA,1972,1.56152,,
DT.TDS.DECT.GN.ZS,GHA,1973,1.32193,,
DT.TDS.DECT.GN.ZS,GHA,1974,1.14283,,
DT.TDS.DECT.GN.ZS,GHA,1975,2.08304,,
DT.TDS.DECT.GN.ZS,GHA,1976,1.8919,,
DT.TDS.DECT.GN.ZS,GHA,1977,1.19304,,
DT.TDS.DECT.GN.ZS,GHA,1978,2.02362,,
DT.TDS.DECT.GN.ZS,GHA,1979,2.58577,,
DT.TDS.DECT.GN.ZS,GHA,1980,3.59327,,
DT.TDS.DECT.GN.ZS,GHA,1981,2.81612,,
DT.TDS.DECT.GN.ZS,GHA,1982,2.75854,,
DT.TDS.DECT.GN.ZS,GHA,1983,3.61178,,
DT.TDS.DECT.GN.ZS,GHA,1984,3.04434,,
DT.TDS.DECT.GN.ZS,GHA,1985,3.60219,,
DT.TDS.DECT.GN.ZS,GHA,1986,4.06935,,
DT.TDS.DECT.GN.ZS,GHA,1987,8.40661,,
DT.TDS.DECT.GN.ZS,GHA,1988,10.7696,,
DT.TDS.DECT.GN.ZS,GHA,1989,8.84085,,
DT.TDS.DECT.GN.ZS,GHA,1990,6.37104,,
DT.TDS.DECT.GN.ZS,GHA,1991,4.65542,,
DT.TDS.DECT.GN.ZS,GHA,1992,5.05806,,
DT.TDS.DECT.GN.ZS,GHA,1993,5.26474,,
DT.TDS.DECT.GN.ZS,GHA,1994,6.91672,,
DT.TDS.DECT.GN.ZS,GHA,1995,6.40974,,
DT.TDS.DECT.GN.ZS,GHA,1996,7.10535,,
DT.TDS.DECT.GN.ZS,GHA,1997,8.27282,,
DT.TDS.DECT.GN.ZS,GHA,1998,7.94517,,
DT.TDS.DECT.GN.ZS,GHA,1999,6.96398,,
DT.TDS.DECT.GN.ZS,GHA,2000,9.66904,,
DT.TDS.DECT.GN.ZS,GHA,2001,5.99765,,
DT.TDS.DECT.GN.ZS,GHA,2002,3.67901,,
DT.TDS.DECT.GN.ZS,GHA,2003,6.72512,,
DT.TDS.DECT.GN.ZS,GHA,2004,3.193,,
DT.TDS.DECT.GN.ZS,GHA,2005,3.2081,,
DT.TDS.DECT.GN.ZS,GHA,2006,1.42274,,
DT.TDS.DECT.GN.ZS,GHA,2007,0.95138,,
DT.TDS.DECT.GN.ZS,GHA,2008,0.80899,,
DT.TDS.DECT.GN.ZS,GHA,2009,0.99633,,
DT.TDS.DECT.GN.ZS,GHA,2010,1.01191,,
DT.TDS.DECT.GN.ZS,GHA,2011,0.92442,,
DT.TDS.DECT.GN.ZS,GHA,2012,1.28704,,
DT.TDS.DECT.GN.ZS,GHA,2013,1.15665,,
DT.TDS.DECT.GN.ZS,GHA,2014,1.55436,,
DT.TDS.DECT.GN.ZS,GHA,2015,2.19963,,
DT.TDS.DECT.GN.ZS,GHA,2016,3.12564,,
DT.TDS.DECT.GN.ZS,GHA,2017,3.63192,,
DT.TDS.DECT.GN.ZS,GHA,2018,4.20947,,
DT.TDS.DECT.GN.ZS,GHA,2019,3.89981,,
NY.GDP.DEFL.ZS,GHA,1970,0.00083,,
NY.GDP.DEFL.ZS,GHA,1971,0.00087,,
NY.GDP.DEFL.ZS,GHA,1972,0.00101,,
NY.GDP.DEFL.ZS,GHA,1973,0.00122,,
NY.GDP.DEFL.ZS,GHA,1974,0.00152,,
NY.GDP.DEFL.ZS,GHA,1975,0.00197,,
NY.GDP.DEFL.ZS,GHA,1976,0.00252,,
NY.GDP.DEFL.ZS,GHA,1977,0.00421,,
NY.GDP.DEFL.ZS,GHA,1978,0.0073,,
NY.GDP.DEFL.ZS,GHA,1979,0.01007,,
NY.GDP.DEFL.ZS,GHA,1980,0.01522,,
NY.GDP.DEFL.ZS,GHA,1981,0.02673,,
NY.GDP.DEFL.ZS,GHA,1982,0.03418,,
NY.GDP.DEFL.ZS,GHA,1983,0.07625,,
NY.GDP.DEFL.ZS,GHA,1984,0.10318,,
NY.GDP.DEFL.ZS,GHA,1985,0.12448,,
NY.GDP.DEFL.ZS,GHA,1986,0.1764,,
NY.GDP.DEFL.ZS,GHA,1987,0.24554,,
NY.GDP.DEFL.ZS,GHA,1988,0.32756,,
NY.GDP.DEFL.ZS,GHA,1989,0.42025,,
NY.GDP.DEFL.ZS,GHA,1990,0.55122,,
NY.GDP.DEFL.ZS,GHA,1991,0.66169,,
NY.GDP.DEFL.ZS,GHA,1992,0.73547,,
NY.GDP.DEFL.ZS,GHA,1993,0.96904,,
NY.GDP.DEFL.ZS,GHA,1994,1.261,,
NY.GDP.DEFL.ZS,GHA,1995,1.8038,,
NY.GDP.DEFL.ZS,GHA,1996,2.52239,,
NY.GDP.DEFL.ZS,GHA,1997,3.01321,,
NY.GDP.DEFL.ZS,GHA,1998,3.52691,,
NY.GDP.DEFL.ZS,GHA,1999,4.01966,,
NY.GDP.DEFL.ZS,GHA,2000,5.11422,,
NY.GDP.DEFL.ZS,GHA,2001,6.89489,,
NY.GDP.DEFL.ZS,GHA,2002,8.4682,,
NY.GDP.DEFL.ZS,GHA,2003,10.89895,,
NY.GDP.DEFL.ZS,GHA,2004,12.46297,,
NY.GDP.DEFL.ZS,GHA,2005,14.32789,,
NY.GDP.DEFL.ZS,GHA,2006,25.89832,,
NY.GDP.DEFL.ZS,GHA,2007,30.72263,,
NY.GDP.DEFL.ZS,GHA,2008,36.68598,,
NY.GDP.DEFL.ZS,GHA,2009,42.43341,,
NY.GDP.DEFL.ZS,GHA,2010,49.47551,,
NY.GDP.DEFL.ZS,GHA,2011,56.35994,,
NY.GDP.DEFL.ZS,GHA,2012,64.92962,,
NY.GDP.DEFL.ZS,GHA,2013,100,,
NY.GDP.DEFL.ZS,GHA,2014,123.93996,,
NY.GDP.DEFL.ZS,GHA,2015,140.36568,,
NY.GDP.DEFL.ZS,GHA,2016,162.47134,,
NY.GDP.DEFL.ZS,GHA,2017,179.81891,,
NY.GDP.DEFL.ZS,GHA,2018,198.82303,,
NY.GDP.DEFL.ZS,GHA,2019,215.68536,,
NY.GDP.MKTP.CD,GHA,1970,2215029450,,
NY.GDP.MKTP.CD,GHA,1971,2417107708,,
NY.GDP.MKTP.CD,GHA,1972,2112292945,,
NY.GDP.MKTP.CD,GHA,1973,2465492958,,
NY.GDP.MKTP.CD,GHA,1974,2894409938,,
NY.GDP.MKTP.CD,GHA,1975,2810106383,,
NY.GDP.MKTP.CD,GHA,1976,2765254237,,
NY.GDP.MKTP.CD,GHA,1977,3189428571,,
NY.GDP.MKTP.CD,GHA,1978,3662478185,,
NY.GDP.MKTP.CD,GHA,1979,4020227920,,
NY.GDP.MKTP.CD,GHA,1980,4445228216,,
NY.GDP.MKTP.CD,GHA,1981,4222441615,,
NY.GDP.MKTP.CD,GHA,1982,4035994398,,
NY.GDP.MKTP.CD,GHA,1983,4057275043,,
NY.GDP.MKTP.CD,GHA,1984,4412279843,,
NY.GDP.MKTP.CD,GHA,1985,4504342149,,
NY.GDP.MKTP.CD,GHA,1986,5727602645,,
NY.GDP.MKTP.CD,GHA,1987,5074829932,,
NY.GDP.MKTP.CD,GHA,1988,5197840979,,
NY.GDP.MKTP.CD,GHA,1989,5251764264,,
NY.GDP.MKTP.CD,GHA,1990,5889174825,,
NY.GDP.MKTP.CD,GHA,1991,6596546196,,
NY.GDP.MKTP.CD,GHA,1992,6413901602,,
NY.GDP.MKTP.CD,GHA,1993,5966255778,,
NY.GDP.MKTP.CD,GHA,1994,5444560669,,
NY.GDP.MKTP.CD,GHA,1995,6465137615,,
NY.GDP.MKTP.CD,GHA,1996,6934984709,,
NY.GDP.MKTP.CD,GHA,1997,6891308594,,
NY.GDP.MKTP.CD,GHA,1998,7480968858,,
NY.GDP.MKTP.CD,GHA,1999,7719354839,,
NY.GDP.MKTP.CD,GHA,2000,4983024408,,
NY.GDP.MKTP.CD,GHA,2001,5314909954,,
NY.GDP.MKTP.CD,GHA,2002,6166330136,,
NY.GDP.MKTP.CD,GHA,2003,7632406553,,
NY.GDP.MKTP.CD,GHA,2004,8881368538,,
NY.GDP.MKTP.CD,GHA,2005,10744675210,,
NY.GDP.MKTP.CD,GHA,2006,20440893017,,
NY.GDP.MKTP.CD,GHA,2007,24827844950,,
NY.GDP.MKTP.CD,GHA,2008,28678701891,,
NY.GDP.MKTP.CD,GHA,2009,26048108185,,
NY.GDP.MKTP.CD,GHA,2010,32197272797,,
NY.GDP.MKTP.CD,GHA,2011,39337314810,,
NY.GDP.MKTP.CD,GHA,2012,41270954737,,
NY.GDP.MKTP.CD,GHA,2013,62823043706,,
NY.GDP.MKTP.CD,GHA,2014,54782847753,,
NY.GDP.MKTP.CD,GHA,2015,49406568433,,
NY.GDP.MKTP.CD,GHA,2016,56165172899,,
NY.GDP.MKTP.CD,GHA,2017,60406382899,,
NY.GDP.MKTP.CD,GHA,2018,67299280680,,
NY.GDP.MKTP.CD,GHA,2019,68337537816,,
NY.GDP.MKTP.CN,GHA,1970,225900,,
NY.GDP.MKTP.CN,GHA,1971,250000,,
NY.GDP.MKTP.CN,GHA,1972,281500,,
NY.GDP.MKTP.CN,GHA,1973,350100,,
NY.GDP.MKTP.CN,GHA,1974,466000,,
NY.GDP.MKTP.CN,GHA,1975,528300,,
NY.GDP.MKTP.CN,GHA,1976,652600,,
NY.GDP.MKTP.CN,GHA,1977,1116300,,
NY.GDP.MKTP.CN,GHA,1978,2098600,,
NY.GDP.MKTP.CN,GHA,1979,2822200,,
NY.GDP.MKTP.CN,GHA,1980,4285200,,
NY.GDP.MKTP.CN,GHA,1981,7262600,,
NY.GDP.MKTP.CN,GHA,1982,8645100,,
NY.GDP.MKTP.CN,GHA,1983,18403800,,
NY.GDP.MKTP.CN,GHA,1984,27056100,,
NY.GDP.MKTP.CN,GHA,1985,34304800,,
NY.GDP.MKTP.CN,GHA,1986,51139300,,
NY.GDP.MKTP.CN,GHA,1987,74600000,,
NY.GDP.MKTP.CN,GHA,1988,105119600,,
NY.GDP.MKTP.CN,GHA,1989,141721400,,
NY.GDP.MKTP.CN,GHA,1990,192079100,,
NY.GDP.MKTP.CN,GHA,1991,242752900,,
NY.GDP.MKTP.CN,GHA,1992,280287500,,
NY.GDP.MKTP.CN,GHA,1993,387210000,,
NY.GDP.MKTP.CN,GHA,1994,520500000,,
NY.GDP.MKTP.CN,GHA,1995,775170000,,
NY.GDP.MKTP.CN,GHA,1996,1133870000,,
NY.GDP.MKTP.CN,GHA,1997,1411340000,,
NY.GDP.MKTP.CN,GHA,1998,1729600000,,
NY.GDP.MKTP.CN,GHA,1999,2057980000,,
NY.GDP.MKTP.CN,GHA,2000,2715250000,,
NY.GDP.MKTP.CN,GHA,2001,3807070000,,
NY.GDP.MKTP.CN,GHA,2002,4886200000,,
NY.GDP.MKTP.CN,GHA,2003,6615770000,,
NY.GDP.MKTP.CN,GHA,2004,7988791000,,
NY.GDP.MKTP.CN,GHA,2005,9726080000,,
NY.GDP.MKTP.CN,GHA,2006,18705461200,,
NY.GDP.MKTP.CN,GHA,2007,23154448200,,
NY.GDP.MKTP.CN,GHA,2008,30178598000,,
NY.GDP.MKTP.CN,GHA,2009,36597592000,,
NY.GDP.MKTP.CN,GHA,2010,46042100100,,
NY.GDP.MKTP.CN,GHA,2011,59816320900,,
NY.GDP.MKTP.CN,GHA,2012,75315365300,,
NY.GDP.MKTP.CN,GHA,2013,1.24478E+11,,
NY.GDP.MKTP.CN,GHA,2014,1.58684E+11,,
NY.GDP.MKTP.CN,GHA,2015,1.83526E+11,,
NY.GDP.MKTP.CN,GHA,2016,2.19595E+11,,
NY.GDP.MKTP.CN,GHA,2017,2.62798E+11,,
NY.GDP.MKTP.CN,GHA,2018,3.08587E+11,,
NY.GDP.MKTP.CN,GHA,2019,3.56544E+11,,
NY.GDP.MKTP.KD,GHA,1970,10276709090,,
NY.GDP.MKTP.KD,GHA,1971,10812755037,,
NY.GDP.MKTP.KD,GHA,1972,10543770952,,
NY.GDP.MKTP.KD,GHA,1973,10847914902,,
NY.GDP.MKTP.KD,GHA,1974,11591270097,,
NY.GDP.MKTP.KD,GHA,1975,10150286400,,
NY.GDP.MKTP.KD,GHA,1976,9791962734,,
NY.GDP.MKTP.KD,GHA,1977,10014642468,,
NY.GDP.MKTP.KD,GHA,1978,10863477114,,
NY.GDP.MKTP.KD,GHA,1979,10590267029,,
NY.GDP.MKTP.KD,GHA,1980,10640220889,,
NY.GDP.MKTP.KD,GHA,1981,10267486828,,
NY.GDP.MKTP.KD,GHA,1982,9556601934,,
NY.GDP.MKTP.KD,GHA,1983,9120463707,,
NY.GDP.MKTP.KD,GHA,1984,9909162141,,
NY.GDP.MKTP.KD,GHA,1985,10413698752,,
NY.GDP.MKTP.KD,GHA,1986,10955123683,,
NY.GDP.MKTP.KD,GHA,1987,11480410786,,
NY.GDP.MKTP.KD,GHA,1988,12126547679,,
NY.GDP.MKTP.KD,GHA,1989,12743288457,,
NY.GDP.MKTP.KD,GHA,1990,13167489322,,
NY.GDP.MKTP.KD,GHA,1991,13862973249,,
NY.GDP.MKTP.KD,GHA,1992,14400776079,,
NY.GDP.MKTP.KD,GHA,1993,15099213798,,
NY.GDP.MKTP.KD,GHA,1994,15597487814,,
NY.GDP.MKTP.KD,GHA,1995,16238921862,,
NY.GDP.MKTP.KD,GHA,1996,16986311933,,
NY.GDP.MKTP.KD,GHA,1997,17699118298,,
NY.GDP.MKTP.KD,GHA,1998,18531046023,,
NY.GDP.MKTP.KD,GHA,1999,19346411460,,
NY.GDP.MKTP.KD,GHA,2000,20062228700,,
NY.GDP.MKTP.KD,GHA,2001,20864717873,,
NY.GDP.MKTP.KD,GHA,2002,21803630086,,
NY.GDP.MKTP.KD,GHA,2003,22937418879,,
NY.GDP.MKTP.KD,GHA,2004,24221914334,,
NY.GDP.MKTP.KD,GHA,2005,25651008205,,
NY.GDP.MKTP.KD,GHA,2006,27292650312,,
NY.GDP.MKTP.KD,GHA,2007,28479012450,,
NY.GDP.MKTP.KD,GHA,2008,31084784829,,
NY.GDP.MKTP.KD,GHA,2009,32590683205,,
NY.GDP.MKTP.KD,GHA,2010,35165253298,,
NY.GDP.MKTP.KD,GHA,2011,40104959886,,
NY.GDP.MKTP.KD,GHA,2012,43831829350,,
NY.GDP.MKTP.KD,GHA,2013,47037042836,,
NY.GDP.MKTP.KD,GHA,2014,48380533745,,
NY.GDP.MKTP.KD,GHA,2015,49406568433,,
NY.GDP.MKTP.KD,GHA,2016,51073282097,,
NY.GDP.MKTP.KD,GHA,2017,55224975511,,
NY.GDP.MKTP.KD,GHA,2018,58648966892,,
NY.GDP.MKTP.KD,GHA,2019,62465709576,,
NY.GDP.MKTP.KD.ZG,GHA,1970,9.72347,,
NY.GDP.MKTP.KD.ZG,GHA,1971,5.21612,,
NY.GDP.MKTP.KD.ZG,GHA,1972,-2.48766,,
NY.GDP.MKTP.KD.ZG,GHA,1973,2.88458,,
NY.GDP.MKTP.KD.ZG,GHA,1974,6.85252,,
NY.GDP.MKTP.KD.ZG,GHA,1975,-12.43163,,
NY.GDP.MKTP.KD.ZG,GHA,1976,-3.53018,,
NY.GDP.MKTP.KD.ZG,GHA,1977,2.27411,,
NY.GDP.MKTP.KD.ZG,GHA,1978,8.47594,,
NY.GDP.MKTP.KD.ZG,GHA,1979,-2.51494,,
NY.GDP.MKTP.KD.ZG,GHA,1980,0.4717,,
NY.GDP.MKTP.KD.ZG,GHA,1981,-3.50307,,
NY.GDP.MKTP.KD.ZG,GHA,1982,-6.92365,,
NY.GDP.MKTP.KD.ZG,GHA,1983,-4.56374,,
NY.GDP.MKTP.KD.ZG,GHA,1984,8.64757,,
NY.GDP.MKTP.KD.ZG,GHA,1985,5.09162,,
NY.GDP.MKTP.KD.ZG,GHA,1986,5.19916,,
NY.GDP.MKTP.KD.ZG,GHA,1987,4.7949,,
NY.GDP.MKTP.KD.ZG,GHA,1988,5.62817,,
NY.GDP.MKTP.KD.ZG,GHA,1989,5.08587,,
NY.GDP.MKTP.KD.ZG,GHA,1990,3.32882,,
NY.GDP.MKTP.KD.ZG,GHA,1991,5.28183,,
NY.GDP.MKTP.KD.ZG,GHA,1992,3.87942,,
NY.GDP.MKTP.KD.ZG,GHA,1993,4.85,,
NY.GDP.MKTP.KD.ZG,GHA,1994,3.3,,
NY.GDP.MKTP.KD.ZG,GHA,1995,4.11242,,
NY.GDP.MKTP.KD.ZG,GHA,1996,4.60246,,
NY.GDP.MKTP.KD.ZG,GHA,1997,4.19636,,
NY.GDP.MKTP.KD.ZG,GHA,1998,4.70039,,
NY.GDP.MKTP.KD.ZG,GHA,1999,4.4,,
NY.GDP.MKTP.KD.ZG,GHA,2000,3.7,,
NY.GDP.MKTP.KD.ZG,GHA,2001,4,,
NY.GDP.MKTP.KD.ZG,GHA,2002,4.5,,
NY.GDP.MKTP.KD.ZG,GHA,2003,5.2,,
NY.GDP.MKTP.KD.ZG,GHA,2004,5.6,,
NY.GDP.MKTP.KD.ZG,GHA,2005,5.9,,
NY.GDP.MKTP.KD.ZG,GHA,2006,6.39991,,
NY.GDP.MKTP.KD.ZG,GHA,2007,4.34682,,
NY.GDP.MKTP.KD.ZG,GHA,2008,9.1498,,
NY.GDP.MKTP.KD.ZG,GHA,2009,4.84449,,
NY.GDP.MKTP.KD.ZG,GHA,2010,7.89971,,
NY.GDP.MKTP.KD.ZG,GHA,2011,14.04712,,
NY.GDP.MKTP.KD.ZG,GHA,2012,9.29279,,
NY.GDP.MKTP.KD.ZG,GHA,2013,7.31253,,
NY.GDP.MKTP.KD.ZG,GHA,2014,2.85624,,
NY.GDP.MKTP.KD.ZG,GHA,2015,2.12076,,
NY.GDP.MKTP.KD.ZG,GHA,2016,3.37347,,
NY.GDP.MKTP.KD.ZG,GHA,2017,8.12889,,
NY.GDP.MKTP.KD.ZG,GHA,2018,6.20008,,
NY.GDP.MKTP.KD.ZG,GHA,2019,6.50777,,
NY.GDP.MKTP.KN,GHA,1970,27196009537,,
NY.GDP.MKTP.KN,GHA,1971,28614587269,,
NY.GDP.MKTP.KN,GHA,1972,27902754943,,
NY.GDP.MKTP.KN,GHA,1973,28707633402,,
NY.GDP.MKTP.KN,GHA,1974,30674828813,,
NY.GDP.MKTP.KN,GHA,1975,26861447892,,
NY.GDP.MKTP.KN,GHA,1976,25913189677,,
NY.GDP.MKTP.KN,GHA,1977,26502483400,,
NY.GDP.MKTP.KN,GHA,1978,28748816826,,
NY.GDP.MKTP.KN,GHA,1979,28025800924,,
NY.GDP.MKTP.KN,GHA,1980,28157997490,,
NY.GDP.MKTP.KN,GHA,1981,27171603987,,
NY.GDP.MKTP.KN,GHA,1982,25290337116,,
NY.GDP.MKTP.KN,GHA,1983,24136152516,,
NY.GDP.MKTP.KN,GHA,1984,26223343069,,
NY.GDP.MKTP.KN,GHA,1985,27558535334,,
NY.GDP.MKTP.KN,GHA,1986,28991347867,,
NY.GDP.MKTP.KN,GHA,1987,30381453681,,
NY.GDP.MKTP.KN,GHA,1988,32091373167,,
NY.GDP.MKTP.KN,GHA,1989,33723499554,,
NY.GDP.MKTP.KN,GHA,1990,34846093438,,
NY.GDP.MKTP.KN,GHA,1991,36686603600,,
NY.GDP.MKTP.KN,GHA,1992,38109830700,,
NY.GDP.MKTP.KN,GHA,1993,39958157700,,
NY.GDP.MKTP.KN,GHA,1994,41276776800,,
NY.GDP.MKTP.KN,GHA,1995,42974250800,,
NY.GDP.MKTP.KN,GHA,1996,44952124000,,
NY.GDP.MKTP.KN,GHA,1997,46838475800,,
NY.GDP.MKTP.KN,GHA,1998,49040067200,,
NY.GDP.MKTP.KN,GHA,1999,51197828600,,
NY.GDP.MKTP.KN,GHA,2000,53092148300,,
NY.GDP.MKTP.KN,GHA,2001,55215834300,,
NY.GDP.MKTP.KN,GHA,2002,57700546600,,
NY.GDP.MKTP.KN,GHA,2003,60700975100,,
NY.GDP.MKTP.KN,GHA,2004,64100229700,,
NY.GDP.MKTP.KN,GHA,2005,67882145700,,
NY.GDP.MKTP.KN,GHA,2006,72226543700,,
NY.GDP.MKTP.KN,GHA,2007,75366100900,,
NY.GDP.MKTP.KN,GHA,2008,82261947600,,
NY.GDP.MKTP.KN,GHA,2009,86247117000,,
NY.GDP.MKTP.KN,GHA,2010,93060390800,,
NY.GDP.MKTP.KN,GHA,2011,1.06133E+11,,
NY.GDP.MKTP.KN,GHA,2012,1.15995E+11,,
NY.GDP.MKTP.KN,GHA,2013,1.24478E+11,,
NY.GDP.MKTP.KN,GHA,2014,1.28033E+11,,
NY.GDP.MKTP.KN,GHA,2015,1.30748E+11,,
NY.GDP.MKTP.KN,GHA,2016,1.35159E+11,,
NY.GDP.MKTP.KN,GHA,2017,1.46146E+11,,
NY.GDP.MKTP.KN,GHA,2018,1.55207E+11,,
NY.GDP.MKTP.KN,GHA,2019,1.65308E+11,,
NY.GDP.MKTP.PP.CD,GHA,1990,18259773945,,
NY.GDP.MKTP.PP.CD,GHA,1991,19874340906,,
NY.GDP.MKTP.PP.CD,GHA,1992,21115838889,,
NY.GDP.MKTP.PP.CD,GHA,1993,22664749363,,
NY.GDP.MKTP.PP.CD,GHA,1994,23912646081,,
NY.GDP.MKTP.PP.CD,GHA,1995,25418079399,,
NY.GDP.MKTP.PP.CD,GHA,1996,27074753207,,
NY.GDP.MKTP.PP.CD,GHA,1997,28697384336,,
NY.GDP.MKTP.PP.CD,GHA,1998,30384454299,,
NY.GDP.MKTP.PP.CD,GHA,1999,32168397251,,
NY.GDP.MKTP.PP.CD,GHA,2000,34114383595,,
NY.GDP.MKTP.PP.CD,GHA,2001,36278283026,,
NY.GDP.MKTP.PP.CD,GHA,2002,38501657407,,
NY.GDP.MKTP.PP.CD,GHA,2003,41303125251,,
NY.GDP.MKTP.PP.CD,GHA,2004,44786934364,,
NY.GDP.MKTP.PP.CD,GHA,2005,48916666651,,
NY.GDP.MKTP.PP.CD,GHA,2006,53653252880,,
NY.GDP.MKTP.PP.CD,GHA,2007,57498484732,,
NY.GDP.MKTP.PP.CD,GHA,2008,63963165250,,
NY.GDP.MKTP.PP.CD,GHA,2009,67491688626,,
NY.GDP.MKTP.PP.CD,GHA,2010,73698522384,,
NY.GDP.MKTP.PP.CD,GHA,2011,85797385076,,
NY.GDP.MKTP.PP.CD,GHA,2012,98315093257,,
NY.GDP.MKTP.PP.CD,GHA,2013,1.40883E+11,,
NY.GDP.MKTP.PP.CD,GHA,2014,1.51592E+11,,
NY.GDP.MKTP.PP.CD,GHA,2015,1.44984E+11,,
NY.GDP.MKTP.PP.CD,GHA,2016,1.42203E+11,,
NY.GDP.MKTP.PP.CD,GHA,2017,1.48983E+11,,
NY.GDP.MKTP.PP.CD,GHA,2018,1.62E+11,,
NY.GDP.MKTP.PP.CD,GHA,2019,1.75628E+11,,
NY.GDP.MKTP.PP.KD,GHA,1990,35522479053,,
NY.GDP.MKTP.PP.KD,GHA,1991,37398714729,,
NY.GDP.MKTP.PP.KD,GHA,1992,38849567604,,
NY.GDP.MKTP.PP.KD,GHA,1993,40733771848,,
NY.GDP.MKTP.PP.KD,GHA,1994,42077986213,,
NY.GDP.MKTP.PP.KD,GHA,1995,43808409301,,
NY.GDP.MKTP.PP.KD,GHA,1996,45824674322,,
NY.GDP.MKTP.PP.KD,GHA,1997,47747641453,,
NY.GDP.MKTP.PP.KD,GHA,1998,49991967191,,
NY.GDP.MKTP.PP.KD,GHA,1999,52191612160,,
NY.GDP.MKTP.PP.KD,GHA,2000,54122701853,,
NY.GDP.MKTP.PP.KD,GHA,2001,56287609996,,
NY.GDP.MKTP.PP.KD,GHA,2002,58820552198,,
NY.GDP.MKTP.PP.KD,GHA,2003,61879220991,,
NY.GDP.MKTP.PP.KD,GHA,2004,65344457360,,
NY.GDP.MKTP.PP.KD,GHA,2005,69199782840,,
NY.GDP.MKTP.PP.KD,GHA,2006,73628508465,,
NY.GDP.MKTP.PP.KD,GHA,2007,76829006538,,
NY.GDP.MKTP.PP.KD,GHA,2008,83858706162,,
NY.GDP.MKTP.PP.KD,GHA,2009,87921230324,,
NY.GDP.MKTP.PP.KD,GHA,2010,94866754254,,
NY.GDP.MKTP.PP.KD,GHA,2011,1.08193E+11,,
NY.GDP.MKTP.PP.KD,GHA,2012,1.18247E+11,,
NY.GDP.MKTP.PP.KD,GHA,2013,1.26894E+11,,
NY.GDP.MKTP.PP.KD,GHA,2014,1.30518E+11,,
NY.GDP.MKTP.PP.KD,GHA,2015,1.33286E+11,,
NY.GDP.MKTP.PP.KD,GHA,2016,1.37782E+11,,
NY.GDP.MKTP.PP.KD,GHA,2017,1.48983E+11,,
NY.GDP.MKTP.PP.KD,GHA,2018,1.5822E+11,,
NY.GDP.MKTP.PP.KD,GHA,2019,1.68516E+11,,
NY.GDP.PCAP.CD,GHA,1970,253.56662,,
NY.GDP.PCAP.CD,GHA,1971,269.36824,,
NY.GDP.PCAP.CD,GHA,1972,228.85973,,
NY.GDP.PCAP.CD,GHA,1973,259.70184,,
NY.GDP.PCAP.CD,GHA,1974,296.89002,,
NY.GDP.PCAP.CD,GHA,1975,281.40613,,
NY.GDP.PCAP.CD,GHA,1976,271.12558,,
NY.GDP.PCAP.CD,GHA,1977,306.80997,,
NY.GDP.PCAP.CD,GHA,1978,345.83442,,
NY.GDP.PCAP.CD,GHA,1979,372.06012,,
NY.GDP.PCAP.CD,GHA,1980,402.06071,,
NY.GDP.PCAP.CD,GHA,1981,372.07744,,
NY.GDP.PCAP.CD,GHA,1982,345.64133,,
NY.GDP.PCAP.CD,GHA,1983,337.16335,,
NY.GDP.PCAP.CD,GHA,1984,355.6667,,
NY.GDP.PCAP.CD,GHA,1985,352.35271,,
NY.GDP.PCAP.CD,GHA,1986,435.06819,,
NY.GDP.PCAP.CD,GHA,1987,374.47034,,
NY.GDP.PCAP.CD,GHA,1988,372.68398,,
NY.GDP.PCAP.CD,GHA,1989,365.88968,,
NY.GDP.PCAP.CD,GHA,1990,398.63708,,
NY.GDP.PCAP.CD,GHA,1991,433.77326,,
NY.GDP.PCAP.CD,GHA,1992,409.74639,,
NY.GDP.PCAP.CD,GHA,1993,370.41945,,
NY.GDP.PCAP.CD,GHA,1994,328.74453,,
NY.GDP.PCAP.CD,GHA,1995,379.98798,,
NY.GDP.PCAP.CD,GHA,1996,397.13575,,
NY.GDP.PCAP.CD,GHA,1997,384.79633,,
NY.GDP.PCAP.CD,GHA,1998,407.52324,,
NY.GDP.PCAP.CD,GHA,1999,410.33401,,
NY.GDP.PCAP.CD,GHA,2000,258.47104,,
NY.GDP.PCAP.CD,GHA,2001,269.01498,,
NY.GDP.PCAP.CD,GHA,2002,304.56464,,
NY.GDP.PCAP.CD,GHA,2003,367.82136,,
NY.GDP.PCAP.CD,GHA,2004,417.50807,,
NY.GDP.PCAP.CD,GHA,2005,492.54406,,
NY.GDP.PCAP.CD,GHA,2006,913.39385,,
NY.GDP.PCAP.CD,GHA,2007,1081.16632,,
NY.GDP.PCAP.CD,GHA,2008,1217.06444,,
NY.GDP.PCAP.CD,GHA,2009,1077.66206,,
NY.GDP.PCAP.CD,GHA,2010,1299.34521,,
NY.GDP.PCAP.CD,GHA,2011,1549.46272,,
NY.GDP.PCAP.CD,GHA,2012,1587.56093,,
NY.GDP.PCAP.CD,GHA,2013,2361.09032,,
NY.GDP.PCAP.CD,GHA,2014,2012.26425,,
NY.GDP.PCAP.CD,GHA,2015,1774.07477,,
NY.GDP.PCAP.CD,GHA,2016,1971.95693,,
NY.GDP.PCAP.CD,GHA,2017,2074.29073,,
NY.GDP.PCAP.CD,GHA,2018,2260.86057,,
NY.GDP.PCAP.CD,GHA,2019,2246.62558,,
NY.GDP.PCAP.CN,GHA,1970,0.02586,,
NY.GDP.PCAP.CN,GHA,1971,0.02786,,
NY.GDP.PCAP.CN,GHA,1972,0.0305,,
NY.GDP.PCAP.CN,GHA,1973,0.03688,,
NY.GDP.PCAP.CN,GHA,1974,0.0478,,
NY.GDP.PCAP.CN,GHA,1975,0.0529,,
NY.GDP.PCAP.CN,GHA,1976,0.06399,,
NY.GDP.PCAP.CN,GHA,1977,0.10738,,
NY.GDP.PCAP.CN,GHA,1978,0.19816,,
NY.GDP.PCAP.CN,GHA,1979,0.26119,,
NY.GDP.PCAP.CN,GHA,1980,0.38759,,
NY.GDP.PCAP.CN,GHA,1981,0.63997,,
NY.GDP.PCAP.CN,GHA,1982,0.74036,,
NY.GDP.PCAP.CN,GHA,1983,1.52937,,
NY.GDP.PCAP.CN,GHA,1984,2.18095,,
NY.GDP.PCAP.CN,GHA,1985,2.6835,,
NY.GDP.PCAP.CN,GHA,1986,3.88454,,
NY.GDP.PCAP.CN,GHA,1987,5.50471,,
NY.GDP.PCAP.CN,GHA,1988,7.53705,,
NY.GDP.PCAP.CN,GHA,1989,9.87371,,
NY.GDP.PCAP.CN,GHA,1990,13.0018,,
NY.GDP.PCAP.CN,GHA,1991,15.96286,,
NY.GDP.PCAP.CN,GHA,1992,17.90592,,
NY.GDP.PCAP.CN,GHA,1993,24.04022,,
NY.GDP.PCAP.CN,GHA,1994,31.42798,,
NY.GDP.PCAP.CN,GHA,1995,45.56056,,
NY.GDP.PCAP.CN,GHA,1996,64.9317,,
NY.GDP.PCAP.CN,GHA,1997,78.80629,,
NY.GDP.PCAP.CN,GHA,1998,94.21937,,
NY.GDP.PCAP.CN,GHA,1999,109.39505,,
NY.GDP.PCAP.CN,GHA,2000,140.84087,,
NY.GDP.PCAP.CN,GHA,2001,192.69543,,
NY.GDP.PCAP.CN,GHA,2002,241.33702,,
NY.GDP.PCAP.CN,GHA,2003,318.82756,,
NY.GDP.PCAP.CN,GHA,2004,375.54851,,
NY.GDP.PCAP.CN,GHA,2005,445.85088,,
NY.GDP.PCAP.CN,GHA,2006,835.84671,,
NY.GDP.PCAP.CN,GHA,2007,1008.29571,,
NY.GDP.PCAP.CN,GHA,2008,1280.71691,,
NY.GDP.PCAP.CN,GHA,2009,1514.11519,,
NY.GDP.PCAP.CN,GHA,2010,1858.06365,,
NY.GDP.PCAP.CN,GHA,2011,2356.11301,,
NY.GDP.PCAP.CN,GHA,2012,2897.13994,,
NY.GDP.PCAP.CN,GHA,2013,4678.26437,,
NY.GDP.PCAP.CN,GHA,2014,5828.72462,,
NY.GDP.PCAP.CN,GHA,2015,6589.97814,,
NY.GDP.PCAP.CN,GHA,2016,7709.95722,,
NY.GDP.PCAP.CN,GHA,2017,9024.20183,,
NY.GDP.PCAP.CN,GHA,2018,10366.72396,,
NY.GDP.PCAP.CN,GHA,2019,11721.54429,,
NY.GDP.PCAP.PP.CD,GHA,1990,1236.00049,,
NY.GDP.PCAP.PP.CD,GHA,1991,1306.88962,,
NY.GDP.PCAP.PP.CD,GHA,1992,1348.96656,,
NY.GDP.PCAP.PP.CD,GHA,1993,1407.15793,,
NY.GDP.PCAP.PP.CD,GHA,1994,1443.85415,,
NY.GDP.PCAP.PP.CD,GHA,1995,1493.94574,,
NY.GDP.PCAP.PP.CD,GHA,1996,1550.45079,,
NY.GDP.PCAP.PP.CD,GHA,1997,1602.40221,,
NY.GDP.PCAP.PP.CD,GHA,1998,1655.18283,,
NY.GDP.PCAP.PP.CD,GHA,1999,1709.95993,,
NY.GDP.PCAP.PP.CD,GHA,2000,1769.52378,,
NY.GDP.PCAP.PP.CD,GHA,2001,1836.23088,,
NY.GDP.PCAP.PP.CD,GHA,2002,1901.65674,,
NY.GDP.PCAP.PP.CD,GHA,2003,1990.48251,,
NY.GDP.PCAP.PP.CD,GHA,2004,2105.40823,,
NY.GDP.PCAP.PP.CD,GHA,2005,2242.37708,,
NY.GDP.PCAP.PP.CD,GHA,2006,2397.47604,,
NY.GDP.PCAP.PP.CD,GHA,2007,2503.85908,,
NY.GDP.PCAP.PP.CD,GHA,2008,2714.46364,,
NY.GDP.PCAP.PP.CD,GHA,2009,2792.26543,,
NY.GDP.PCAP.PP.CD,GHA,2010,2974.15942,,
NY.GDP.PCAP.PP.CD,GHA,2011,3379.4846,,
NY.GDP.PCAP.PP.CD,GHA,2012,3781.86553,,
NY.GDP.PCAP.PP.CD,GHA,2013,5294.82003,,
NY.GDP.PCAP.PP.CD,GHA,2014,5568.23596,,
NY.GDP.PCAP.PP.CD,GHA,2015,5206.02887,,
NY.GDP.PCAP.PP.CD,GHA,2016,4992.73034,,
NY.GDP.PCAP.PP.CD,GHA,2017,5115.90675,,
NY.GDP.PCAP.PP.CD,GHA,2018,5442.2359,,
NY.GDP.PCAP.PP.CD,GHA,2019,5773.86098,,
NY.GDP.PCAP.PP.KD,GHA,1990,2404.50959,,
NY.GDP.PCAP.PP.KD,GHA,1991,2459.25096,,
NY.GDP.PCAP.PP.KD,GHA,1992,2481.87002,,
NY.GDP.PCAP.PP.KD,GHA,1993,2528.98671,,
NY.GDP.PCAP.PP.KD,GHA,1994,2540.68391,,
NY.GDP.PCAP.PP.KD,GHA,1995,2574.83602,,
NY.GDP.PCAP.PP.KD,GHA,1996,2624.17545,,
NY.GDP.PCAP.PP.KD,GHA,1997,2666.12892,,
NY.GDP.PCAP.PP.KD,GHA,1998,2723.29543,,
NY.GDP.PCAP.PP.KD,GHA,1999,2774.32428,,
NY.GDP.PCAP.PP.KD,GHA,2000,2807.36153,,
NY.GDP.PCAP.PP.KD,GHA,2001,2849.00604,,
NY.GDP.PCAP.PP.KD,GHA,2002,2905.23856,,
NY.GDP.PCAP.PP.KD,GHA,2003,2982.08687,,
NY.GDP.PCAP.PP.KD,GHA,2004,3071.80565,,
NY.GDP.PCAP.PP.KD,GHA,2005,3172.1705,,
NY.GDP.PCAP.PP.KD,GHA,2006,3290.06305,,
NY.GDP.PCAP.PP.KD,GHA,2007,3345.63609,,
NY.GDP.PCAP.PP.KD,GHA,2008,3558.789,,
NY.GDP.PCAP.PP.KD,GHA,2009,3637.47622,,
NY.GDP.PCAP.PP.KD,GHA,2010,3828.41937,,
NY.GDP.PCAP.PP.KD,GHA,2011,4261.62075,,
NY.GDP.PCAP.PP.KD,GHA,2012,4548.57935,,
NY.GDP.PCAP.PP.KD,GHA,2013,4769.07256,,
NY.GDP.PCAP.PP.KD,GHA,2014,4794.14708,,
NY.GDP.PCAP.PP.KD,GHA,2015,4785.99468,,
NY.GDP.PCAP.PP.KD,GHA,2016,4837.53796,,
NY.GDP.PCAP.PP.KD,GHA,2017,5115.90675,,
NY.GDP.PCAP.PP.KD,GHA,2018,5315.2539,,
NY.GDP.PCAP.PP.KD,GHA,2019,5540.04563,,
NY.GNP.MKTP.CN,GHA,1970,221400,,
NY.GNP.MKTP.CN,GHA,1971,245400,,
NY.GNP.MKTP.CN,GHA,1972,277900,,
NY.GNP.MKTP.CN,GHA,1973,347500,,
NY.GNP.MKTP.CN,GHA,1974,462900,,
NY.GNP.MKTP.CN,GHA,1975,524100,,
NY.GNP.MKTP.CN,GHA,1976,647800,,
NY.GNP.MKTP.CN,GHA,1977,1112300,,
NY.GNP.MKTP.CN,GHA,1978,2093800,,
NY.GNP.MKTP.CN,GHA,1979,2812300,,
NY.GNP.MKTP.CN,GHA,1980,4267000,,
NY.GNP.MKTP.CN,GHA,1981,7240400,,
NY.GNP.MKTP.CN,GHA,1982,8622600,,
NY.GNP.MKTP.CN,GHA,1983,18239800,,
NY.GNP.MKTP.CN,GHA,1984,26763100,,
NY.GNP.MKTP.CN,GHA,1985,33700300,,
NY.GNP.MKTP.CN,GHA,1986,50011400,,
NY.GNP.MKTP.CN,GHA,1987,72570400,,
NY.GNP.MKTP.CN,GHA,1988,102466800,,
NY.GNP.MKTP.CN,GHA,1989,138540800,,
NY.GNP.MKTP.CN,GHA,1990,188412800,,
NY.GNP.MKTP.CN,GHA,1991,238275400,,
NY.GNP.MKTP.CN,GHA,1992,275646600,,
NY.GNP.MKTP.CN,GHA,1993,379921000,,
NY.GNP.MKTP.CN,GHA,1994,509885900,,
NY.GNP.MKTP.CN,GHA,1995,759207900,,
NY.GNP.MKTP.CN,GHA,1996,1110375700,,
NY.GNP.MKTP.CN,GHA,1997,1383937900,,
NY.GNP.MKTP.CN,GHA,1998,1694494300,,
NY.GNP.MKTP.CN,GHA,1999,2014283600,,
NY.GNP.MKTP.CN,GHA,2000,2635169700,,
NY.GNP.MKTP.CN,GHA,2001,3729650700,,
NY.GNP.MKTP.CN,GHA,2002,4783631500,,
NY.GNP.MKTP.CN,GHA,2003,6472772000,,
NY.GNP.MKTP.CN,GHA,2004,7810528400,,
NY.GNP.MKTP.CN,GHA,2005,9607369600,,
NY.GNP.MKTP.CN,GHA,2006,18588392800,,
NY.GNP.MKTP.CN,GHA,2007,23023354500,,
NY.GNP.MKTP.CN,GHA,2008,30055844200,,
NY.GNP.MKTP.CN,GHA,2009,36465124500,,
NY.GNP.MKTP.CN,GHA,2010,45278268100,,
NY.GNP.MKTP.CN,GHA,2011,57956609300,,
NY.GNP.MKTP.CN,GHA,2012,71490377300,,
NY.GNP.MKTP.CN,GHA,2013,1.21009E+11,,
NY.GNP.MKTP.CN,GHA,2014,1.50392E+11,,
NY.GNP.MKTP.CN,GHA,2015,1.78008E+11,,
NY.GNP.MKTP.CN,GHA,2016,2.10979E+11,,
NY.GNP.MKTP.CN,GHA,2017,2.49857E+11,,
NY.GNP.MKTP.CN,GHA,2018,2.94698E+11,,
NY.GNP.MKTP.CN,GHA,2019,3.41882E+11,,
NY.GNP.PCAP.CD,GHA,1970,250,,
NY.GNP.PCAP.CD,GHA,1971,270,,
NY.GNP.PCAP.CD,GHA,1972,260,,
NY.GNP.PCAP.CD,GHA,1973,280,,
NY.GNP.PCAP.CD,GHA,1974,320,,
NY.GNP.PCAP.CD,GHA,1975,300,,
NY.GNP.PCAP.CD,GHA,1976,290,,
NY.GNP.PCAP.CD,GHA,1977,300,,
NY.GNP.PCAP.CD,GHA,1978,350,,
NY.GNP.PCAP.CD,GHA,1979,380,,
NY.GNP.PCAP.CD,GHA,1980,420,,
NY.GNP.PCAP.CD,GHA,1981,410,,
NY.GNP.PCAP.CD,GHA,1982,360,,
NY.GNP.PCAP.CD,GHA,1983,320,,
NY.GNP.PCAP.CD,GHA,1984,340,,
NY.GNP.PCAP.CD,GHA,1985,350,,
NY.GNP.PCAP.CD,GHA,1986,390,,
NY.GNP.PCAP.CD,GHA,1987,420,,
NY.GNP.PCAP.CD,GHA,1988,440,,
NY.GNP.PCAP.CD,GHA,1989,400,,
NY.GNP.PCAP.CD,GHA,1990,400,,
NY.GNP.PCAP.CD,GHA,1991,410,,
NY.GNP.PCAP.CD,GHA,1992,430,,
NY.GNP.PCAP.CD,GHA,1993,420,,
NY.GNP.PCAP.CD,GHA,1994,370,,
NY.GNP.PCAP.CD,GHA,1995,370,,
NY.GNP.PCAP.CD,GHA,1996,380,,
NY.GNP.PCAP.CD,GHA,1997,390,,
NY.GNP.PCAP.CD,GHA,1998,390,,
NY.GNP.PCAP.CD,GHA,1999,390,,
NY.GNP.PCAP.CD,GHA,2000,340,,
NY.GNP.PCAP.CD,GHA,2001,300,,
NY.GNP.PCAP.CD,GHA,2002,270,,
NY.GNP.PCAP.CD,GHA,2003,320,,
NY.GNP.PCAP.CD,GHA,2004,380,,
NY.GNP.PCAP.CD,GHA,2005,460,,
NY.GNP.PCAP.CD,GHA,2006,600,,
NY.GNP.PCAP.CD,GHA,2007,790,,
NY.GNP.PCAP.CD,GHA,2008,1150,,
NY.GNP.PCAP.CD,GHA,2009,1190,,
NY.GNP.PCAP.CD,GHA,2010,1240,,
NY.GNP.PCAP.CD,GHA,2011,1380,,
NY.GNP.PCAP.CD,GHA,2012,1530,,
NY.GNP.PCAP.CD,GHA,2013,1840,,
NY.GNP.PCAP.CD,GHA,2014,1880,,
NY.GNP.PCAP.CD,GHA,2015,1940,,
NY.GNP.PCAP.CD,GHA,2016,1810,,
NY.GNP.PCAP.CD,GHA,2017,1880,,
NY.GNP.PCAP.CD,GHA,2018,2120,,
NY.GNP.PCAP.CD,GHA,2019,2230,,
NY.GNP.PCAP.CN,GHA,1970,0.02534,,
NY.GNP.PCAP.CN,GHA,1971,0.02735,,
NY.GNP.PCAP.CN,GHA,1972,0.03011,,
NY.GNP.PCAP.CN,GHA,1973,0.0366,,
NY.GNP.PCAP.CN,GHA,1974,0.04748,,
NY.GNP.PCAP.CN,GHA,1975,0.05248,,
NY.GNP.PCAP.CN,GHA,1976,0.06352,,
NY.GNP.PCAP.CN,GHA,1977,0.107,,
NY.GNP.PCAP.CN,GHA,1978,0.19771,,
NY.GNP.PCAP.CN,GHA,1979,0.26027,,
NY.GNP.PCAP.CN,GHA,1980,0.38594,,
NY.GNP.PCAP.CN,GHA,1981,0.63802,,
NY.GNP.PCAP.CN,GHA,1982,0.73844,,
NY.GNP.PCAP.CN,GHA,1983,1.51574,,
NY.GNP.PCAP.CN,GHA,1984,2.15733,,
NY.GNP.PCAP.CN,GHA,1985,2.63621,,
NY.GNP.PCAP.CN,GHA,1986,3.79886,,
NY.GNP.PCAP.CN,GHA,1987,5.35495,,
NY.GNP.PCAP.CN,GHA,1988,7.34685,,
NY.GNP.PCAP.CN,GHA,1989,9.65212,,
NY.GNP.PCAP.CN,GHA,1990,12.75363,,
NY.GNP.PCAP.CN,GHA,1991,15.66843,,
NY.GNP.PCAP.CN,GHA,1992,17.60944,,
NY.GNP.PCAP.CN,GHA,1993,23.58768,,
NY.GNP.PCAP.CN,GHA,1994,30.78709,,
NY.GNP.PCAP.CN,GHA,1995,44.62239,,
NY.GNP.PCAP.CN,GHA,1996,63.58628,,
NY.GNP.PCAP.CN,GHA,1997,77.27621,,
NY.GNP.PCAP.CN,GHA,1998,92.307,,
NY.GNP.PCAP.CN,GHA,1999,107.0723,,
NY.GNP.PCAP.CN,GHA,2000,136.68708,,
NY.GNP.PCAP.CN,GHA,2001,188.77684,,
NY.GNP.PCAP.CN,GHA,2002,236.271,,
NY.GNP.PCAP.CN,GHA,2003,311.93619,,
NY.GNP.PCAP.CN,GHA,2004,367.16848,,
NY.GNP.PCAP.CN,GHA,2005,440.4091,,
NY.GNP.PCAP.CN,GHA,2006,830.61555,,
NY.GNP.PCAP.CN,GHA,2007,1002.58703,,
NY.GNP.PCAP.CN,GHA,2008,1275.50749,,
NY.GNP.PCAP.CN,GHA,2009,1508.63475,,
NY.GNP.PCAP.CN,GHA,2010,1827.23864,,
NY.GNP.PCAP.CN,GHA,2011,2282.86058,,
NY.GNP.PCAP.CN,GHA,2012,2750.00495,,
NY.GNP.PCAP.CN,GHA,2013,4547.91354,,
NY.GNP.PCAP.CN,GHA,2014,5524.13925,,
NY.GNP.PCAP.CN,GHA,2015,6391.84108,,
NY.GNP.PCAP.CN,GHA,2016,7407.46375,,
NY.GNP.PCAP.CN,GHA,2017,8579.80903,,
NY.GNP.PCAP.CN,GHA,2018,9900.13258,,
NY.GNP.PCAP.CN,GHA,2019,11239.52155,,
NY.GNP.PCAP.PP.CD,GHA,1990,1220,,
NY.GNP.PCAP.PP.CD,GHA,1991,1290,,
NY.GNP.PCAP.PP.CD,GHA,1992,1340,,
NY.GNP.PCAP.PP.CD,GHA,1993,1390,,
NY.GNP.PCAP.PP.CD,GHA,1994,1430,,
NY.GNP.PCAP.PP.CD,GHA,1995,1470,,
NY.GNP.PCAP.PP.CD,GHA,1996,1530,,
NY.GNP.PCAP.PP.CD,GHA,1997,1580,,
NY.GNP.PCAP.PP.CD,GHA,1998,1630,,
NY.GNP.PCAP.PP.CD,GHA,1999,1690,,
NY.GNP.PCAP.PP.CD,GHA,2000,1740,,
NY.GNP.PCAP.PP.CD,GHA,2001,1810,,
NY.GNP.PCAP.PP.CD,GHA,2002,1880,,
NY.GNP.PCAP.PP.CD,GHA,2003,1960,,
NY.GNP.PCAP.PP.CD,GHA,2004,2080,,
NY.GNP.PCAP.PP.CD,GHA,2005,2230,,
NY.GNP.PCAP.PP.CD,GHA,2006,2380,,
NY.GNP.PCAP.PP.CD,GHA,2007,2490,,
NY.GNP.PCAP.PP.CD,GHA,2008,2700,,
NY.GNP.PCAP.PP.CD,GHA,2009,2780,,
NY.GNP.PCAP.PP.CD,GHA,2010,2920,,
NY.GNP.PCAP.PP.CD,GHA,2011,3270,,
NY.GNP.PCAP.PP.CD,GHA,2012,3590,,
NY.GNP.PCAP.PP.CD,GHA,2013,5150,,
NY.GNP.PCAP.PP.CD,GHA,2014,5280,,
NY.GNP.PCAP.PP.CD,GHA,2015,5050,,
NY.GNP.PCAP.PP.CD,GHA,2016,4800,,
NY.GNP.PCAP.PP.CD,GHA,2017,4860,,
NY.GNP.PCAP.PP.CD,GHA,2018,5200,,
NY.GNP.PCAP.PP.CD,GHA,2019,5540,,
PA.NUS.ATLS,GHA,1970,0.0001,,
PA.NUS.ATLS,GHA,1971,0.0001,,
PA.NUS.ATLS,GHA,1972,0.00013,,
PA.NUS.ATLS,GHA,1973,0.00014,,
PA.NUS.ATLS,GHA,1974,0.00016,,
PA.NUS.ATLS,GHA,1975,0.00019,,
PA.NUS.ATLS,GHA,1976,0.00024,,
PA.NUS.ATLS,GHA,1977,0.00035,,
PA.NUS.ATLS,GHA,1978,0.00057,,
PA.NUS.ATLS,GHA,1979,0.0007,,
PA.NUS.ATLS,GHA,1980,0.00096,,
PA.NUS.ATLS,GHA,1981,0.00172,,
PA.NUS.ATLS,GHA,1982,0.00214,,
PA.NUS.ATLS,GHA,1983,0.00454,,
PA.NUS.ATLS,GHA,1984,0.00613,,
PA.NUS.ATLS,GHA,1985,0.00762,,
PA.NUS.ATLS,GHA,1986,0.00893,,
PA.NUS.ATLS,GHA,1987,0.0147,,
PA.NUS.ATLS,GHA,1988,0.02022,,
PA.NUS.ATLS,GHA,1989,0.02699,,
PA.NUS.ATLS,GHA,1990,0.03262,,
PA.NUS.ATLS,GHA,1991,0.0368,,
PA.NUS.ATLS,GHA,1992,0.0437,,
PA.NUS.ATLS,GHA,1993,0.0649,,
PA.NUS.ATLS,GHA,1994,0.0956,,
PA.NUS.ATLS,GHA,1995,0.1199,,
PA.NUS.ATLS,GHA,1996,0.1635,,
PA.NUS.ATLS,GHA,1997,0.2048,,
PA.NUS.ATLS,GHA,1998,0.2312,,
PA.NUS.ATLS,GHA,1999,0.2666,,
PA.NUS.ATLS,GHA,2000,0.5449,,
PA.NUS.ATLS,GHA,2001,0.7163,,
PA.NUS.ATLS,GHA,2002,0.7924,,
PA.NUS.ATLS,GHA,2003,0.8668,,
PA.NUS.ATLS,GHA,2004,0.8995,,
PA.NUS.ATLS,GHA,2005,0.9052,,
PA.NUS.ATLS,GHA,2006,0.9151,,
PA.NUS.ATLS,GHA,2007,0.9326,,
PA.NUS.ATLS,GHA,2008,1.0523,,
PA.NUS.ATLS,GHA,2009,1.405,,
PA.NUS.ATLS,GHA,2010,1.43,,
PA.NUS.ATLS,GHA,2011,1.5206,,
PA.NUS.ATLS,GHA,2012,1.8249,,
PA.NUS.ATLS,GHA,2013,1.9814,,
PA.NUS.ATLS,GHA,2014,2.8966,,
PA.NUS.ATLS,GHA,2015,3.7146,,
PA.NUS.ATLS,GHA,2016,3.9098,,
PA.NUS.ATLS,GHA,2017,4.3505,,
PA.NUS.ATLS,GHA,2018,4.5853,,
PA.NUS.ATLS,GHA,2019,5.2174,,
PA.NUS.FCRF,GHA,1970,0.0001,,
PA.NUS.FCRF,GHA,1971,0.0001,,
PA.NUS.FCRF,GHA,1972,0.00013,,
PA.NUS.FCRF,GHA,1973,0.00012,,
PA.NUS.FCRF,GHA,1974,0.00011,,
PA.NUS.FCRF,GHA,1975,0.00011,,
PA.NUS.FCRF,GHA,1976,0.00011,,
PA.NUS.FCRF,GHA,1977,0.00011,,
PA.NUS.FCRF,GHA,1978,0.00018,,
PA.NUS.FCRF,GHA,1979,0.00027,,
PA.NUS.FCRF,GHA,1980,0.00027,,
PA.NUS.FCRF,GHA,1981,0.00027,,
PA.NUS.FCRF,GHA,1982,0.00027,,
PA.NUS.FCRF,GHA,1983,0.00088,,
PA.NUS.FCRF,GHA,1984,0.0036,,
PA.NUS.FCRF,GHA,1985,0.00543,,
PA.NUS.FCRF,GHA,1986,0.00892,,
PA.NUS.FCRF,GHA,1987,0.01537,,
PA.NUS.FCRF,GHA,1988,0.02022,,
PA.NUS.FCRF,GHA,1989,0.02699,,
PA.NUS.FCRF,GHA,1990,0.03262,,
PA.NUS.FCRF,GHA,1991,0.03676,,
PA.NUS.FCRF,GHA,1992,0.04369,,
PA.NUS.FCRF,GHA,1993,0.06487,,
PA.NUS.FCRF,GHA,1994,0.09557,,
PA.NUS.FCRF,GHA,1995,0.11991,,
PA.NUS.FCRF,GHA,1996,0.16355,,
PA.NUS.FCRF,GHA,1997,0.2048,,
PA.NUS.FCRF,GHA,1998,0.23117,,
PA.NUS.FCRF,GHA,1999,0.26664,,
PA.NUS.FCRF,GHA,2000,0.54492,,
PA.NUS.FCRF,GHA,2001,0.71631,,
PA.NUS.FCRF,GHA,2002,0.79242,,
PA.NUS.FCRF,GHA,2003,0.86676,,
PA.NUS.FCRF,GHA,2004,0.89949,,
PA.NUS.FCRF,GHA,2005,0.90521,,
PA.NUS.FCRF,GHA,2006,0.91511,,
PA.NUS.FCRF,GHA,2007,0.93262,,
PA.NUS.FCRF,GHA,2008,1.05228,,
PA.NUS.FCRF,GHA,2009,1.40497,,
PA.NUS.FCRF,GHA,2010,1.42998,,
PA.NUS.FCRF,GHA,2011,1.52063,,
PA.NUS.FCRF,GHA,2012,1.82487,,
PA.NUS.FCRF,GHA,2013,1.98135,,
PA.NUS.FCRF,GHA,2014,2.89657,,
PA.NUS.FCRF,GHA,2015,3.71464,,
PA.NUS.FCRF,GHA,2016,3.90982,,
PA.NUS.FCRF,GHA,2017,4.35053,,
PA.NUS.FCRF,GHA,2018,4.58533,,
PA.NUS.FCRF,GHA,2019,5.21737,,
PA.NUS.PPP,GHA,1990,0.01686,,
PA.NUS.PPP,GHA,1991,0.01957,,
PA.NUS.PPP,GHA,1992,0.02127,,
PA.NUS.PPP,GHA,1993,0.02738,,
PA.NUS.PPP,GHA,1994,0.03488,,
PA.NUS.PPP,GHA,1995,0.04887,,
PA.NUS.PPP,GHA,1996,0.06712,,
PA.NUS.PPP,GHA,1997,0.07882,,
PA.NUS.PPP,GHA,1998,0.09123,,
PA.NUS.PPP,GHA,1999,0.10253,,
PA.NUS.PPP,GHA,2000,0.12755,,
PA.NUS.PPP,GHA,2001,0.16818,,
PA.NUS.PPP,GHA,2002,0.20338,,
PA.NUS.PPP,GHA,2003,0.2567,,
PA.NUS.PPP,GHA,2004,0.28586,,
PA.NUS.PPP,GHA,2005,0.31864,,
PA.NUS.PPP,GHA,2006,0.34864,,
PA.NUS.PPP,GHA,2007,0.4027,,
PA.NUS.PPP,GHA,2008,0.47181,,
PA.NUS.PPP,GHA,2009,0.54225,,
PA.NUS.PPP,GHA,2010,0.62474,,
PA.NUS.PPP,GHA,2011,0.69718,,
PA.NUS.PPP,GHA,2012,0.76606,,
PA.NUS.PPP,GHA,2013,0.88355,,
PA.NUS.PPP,GHA,2014,1.04678,,
PA.NUS.PPP,GHA,2015,1.26584,,
PA.NUS.PPP,GHA,2016,1.54424,,
PA.NUS.PPP,GHA,2017,1.76395,,
PA.NUS.PPP,GHA,2018,1.90486,,
PA.NUS.PPP,GHA,2019,2.03011,,
PA.NUS.PPPC.RF,GHA,1990,0.51687,,
PA.NUS.PPPC.RF,GHA,1991,0.53192,,
PA.NUS.PPPC.RF,GHA,1992,0.48679,,
PA.NUS.PPPC.RF,GHA,1993,0.42187,,
PA.NUS.PPPC.RF,GHA,1994,0.36489,,
PA.NUS.PPPC.RF,GHA,1995,0.40762,,
PA.NUS.PPPC.RF,GHA,1996,0.41049,,
PA.NUS.PPPC.RF,GHA,1997,0.38484,,
PA.NUS.PPPC.RF,GHA,1998,0.39458,,
PA.NUS.PPPC.RF,GHA,1999,0.38457,,
PA.NUS.PPPC.RF,GHA,2000,0.23409,,
PA.NUS.PPPC.RF,GHA,2001,0.23479,,
PA.NUS.PPPC.RF,GHA,2002,0.25667,,
PA.NUS.PPPC.RF,GHA,2003,0.29614,,
PA.NUS.PPPC.RF,GHA,2004,0.3178,,
PA.NUS.PPPC.RF,GHA,2005,0.35201,,
PA.NUS.PPPC.RF,GHA,2006,0.38098,,
PA.NUS.PPPC.RF,GHA,2007,0.4318,,
PA.NUS.PPPC.RF,GHA,2008,0.44836,,
PA.NUS.PPPC.RF,GHA,2009,0.38595,,
PA.NUS.PPPC.RF,GHA,2010,0.43688,,
PA.NUS.PPPC.RF,GHA,2011,0.45849,,
PA.NUS.PPPC.RF,GHA,2012,0.41978,,
PA.NUS.PPPC.RF,GHA,2013,0.44592,,
PA.NUS.PPPC.RF,GHA,2014,0.36138,,
PA.NUS.PPPC.RF,GHA,2015,0.34077,,
PA.NUS.PPPC.RF,GHA,2016,0.39497,,
PA.NUS.PPPC.RF,GHA,2017,0.40546,,
PA.NUS.PPPC.RF,GHA,2018,0.41543,,
PA.NUS.PPPC.RF,GHA,2019,0.3891,,
PA.NUS.PRVT.PP,GHA,1990,0.0232,,
PA.NUS.PRVT.PP,GHA,1991,0.02627,,
PA.NUS.PRVT.PP,GHA,1992,0.02806,,
PA.NUS.PRVT.PP,GHA,1993,0.03406,,
PA.NUS.PRVT.PP,GHA,1994,0.04145,,
PA.NUS.PRVT.PP,GHA,1995,0.06429,,
PA.NUS.PRVT.PP,GHA,1996,0.09154,,
PA.NUS.PRVT.PP,GHA,1997,0.11439,,
PA.NUS.PRVT.PP,GHA,1998,0.12912,,
PA.NUS.PRVT.PP,GHA,1999,0.1325,,
PA.NUS.PRVT.PP,GHA,2000,0.17975,,
PA.NUS.PRVT.PP,GHA,2001,0.24737,,
PA.NUS.PRVT.PP,GHA,2002,0.2663,,
PA.NUS.PRVT.PP,GHA,2003,0.33792,,
PA.NUS.PRVT.PP,GHA,2004,0.38849,,
PA.NUS.PRVT.PP,GHA,2005,0.43375,,
PA.NUS.PRVT.PP,GHA,2006,0.46927,,
PA.NUS.PRVT.PP,GHA,2007,0.50523,,
PA.NUS.PRVT.PP,GHA,2008,0.56681,,
PA.NUS.PRVT.PP,GHA,2009,0.67831,,
PA.NUS.PRVT.PP,GHA,2010,0.739,,
PA.NUS.PRVT.PP,GHA,2011,0.77891,,
PA.NUS.PRVT.PP,GHA,2012,0.82369,,
PA.NUS.PRVT.PP,GHA,2013,0.94763,,
PA.NUS.PRVT.PP,GHA,2014,1.1281,,
PA.NUS.PRVT.PP,GHA,2015,1.33918,,
PA.NUS.PRVT.PP,GHA,2016,1.53845,,
PA.NUS.PRVT.PP,GHA,2017,1.75099,,
PA.NUS.PRVT.PP,GHA,2018,1.84271,,
PA.NUS.PRVT.PP,GHA,2019,1.93921,,
SH.DYN.AIDS.ZS,GHA,1990,1.2,,
SH.DYN.AIDS.ZS,GHA,1991,1.5,,
SH.DYN.AIDS.ZS,GHA,1992,1.8,,
SH.DYN.AIDS.ZS,GHA,1993,2,,
SH.DYN.AIDS.ZS,GHA,1994,2.2,,
SH.DYN.AIDS.ZS,GHA,1995,2.3,,
SH.DYN.AIDS.ZS,GHA,1996,2.4,,
SH.DYN.AIDS.ZS,GHA,1997,2.5,,
SH.DYN.AIDS.ZS,GHA,1998,2.5,,
SH.DYN.AIDS.ZS,GHA,1999,2.5,,
SH.DYN.AIDS.ZS,GHA,2000,2.5,,
SH.DYN.AIDS.ZS,GHA,2001,2.5,,
SH.DYN.AIDS.ZS,GHA,2002,2.4,,
SH.DYN.AIDS.ZS,GHA,2003,2.4,,
SH.DYN.AIDS.ZS,GHA,2004,2.3,,
SH.DYN.AIDS.ZS,GHA,2005,2.2,,
SH.DYN.AIDS.ZS,GHA,2006,2.1,,
SH.DYN.AIDS.ZS,GHA,2007,2.1,,
SH.DYN.AIDS.ZS,GHA,2008,2,,
SH.DYN.AIDS.ZS,GHA,2009,2,,
SH.DYN.AIDS.ZS,GHA,2010,2,,
SH.DYN.AIDS.ZS,GHA,2011,1.9,,
SH.DYN.AIDS.ZS,GHA,2012,1.9,,
SH.DYN.AIDS.ZS,GHA,2013,1.9,,
SH.DYN.AIDS.ZS,GHA,2014,1.9,,
SH.DYN.AIDS.ZS,GHA,2015,1.8,,
SH.DYN.AIDS.ZS,GHA,2016,1.8,,
SH.DYN.AIDS.ZS,GHA,2017,1.8,,
SH.DYN.AIDS.ZS,GHA,2018,1.7,,
SH.DYN.AIDS.ZS,GHA,2019,1.7,,
SI.POV.LMIC,GHA,1987,73.9,,
SI.POV.LMIC,GHA,1988,73.1,,
SI.POV.LMIC,GHA,1991,77.3,,
SI.POV.LMIC,GHA,1998,62.1,,
SI.POV.LMIC,GHA,2005,48,,
SI.POV.LMIC,GHA,2012,30.9,,
SI.POV.LMIC,GHA,2016,29.3,,
SP.DYN.IMRT.IN,GHA,1970,120.5,,
SP.DYN.IMRT.IN,GHA,1971,119.8,,
SP.DYN.IMRT.IN,GHA,1972,118.7,,
SP.DYN.IMRT.IN,GHA,1973,116.9,,
SP.DYN.IMRT.IN,GHA,1974,114.6,,
SP.DYN.IMRT.IN,GHA,1975,112,,
SP.DYN.IMRT.IN,GHA,1976,109.1,,
SP.DYN.IMRT.IN,GHA,1977,106.5,,
SP.DYN.IMRT.IN,GHA,1978,104.3,,
SP.DYN.IMRT.IN,GHA,1979,102.7,,
SP.DYN.IMRT.IN,GHA,1980,101.5,,
SP.DYN.IMRT.IN,GHA,1981,100.7,,
SP.DYN.IMRT.IN,GHA,1982,99.8,,
SP.DYN.IMRT.IN,GHA,1983,98.7,,
SP.DYN.IMRT.IN,GHA,1984,97,,
SP.DYN.IMRT.IN,GHA,1985,94.9,,
SP.DYN.IMRT.IN,GHA,1986,92.1,,
SP.DYN.IMRT.IN,GHA,1987,89.1,,
SP.DYN.IMRT.IN,GHA,1988,85.8,,
SP.DYN.IMRT.IN,GHA,1989,82.6,,
SP.DYN.IMRT.IN,GHA,1990,79.8,,
SP.DYN.IMRT.IN,GHA,1991,77.5,,
SP.DYN.IMRT.IN,GHA,1992,75.7,,
SP.DYN.IMRT.IN,GHA,1993,74.4,,
SP.DYN.IMRT.IN,GHA,1994,73.4,,
SP.DYN.IMRT.IN,GHA,1995,72.5,,
SP.DYN.IMRT.IN,GHA,1996,71.5,,
SP.DYN.IMRT.IN,GHA,1997,70.2,,
SP.DYN.IMRT.IN,GHA,1998,68.5,,
SP.DYN.IMRT.IN,GHA,1999,66.6,,
SP.DYN.IMRT.IN,GHA,2000,64.3,,
SP.DYN.IMRT.IN,GHA,2001,62.1,,
SP.DYN.IMRT.IN,GHA,2002,59.9,,
SP.DYN.IMRT.IN,GHA,2003,58,,
SP.DYN.IMRT.IN,GHA,2004,56.4,,
SP.DYN.IMRT.IN,GHA,2005,54.9,,
SP.DYN.IMRT.IN,GHA,2006,53.5,,
SP.DYN.IMRT.IN,GHA,2007,52.1,,
SP.DYN.IMRT.IN,GHA,2008,50.5,,
SP.DYN.IMRT.IN,GHA,2009,48.8,,
SP.DYN.IMRT.IN,GHA,2010,47,,
SP.DYN.IMRT.IN,GHA,2011,45.2,,
SP.DYN.IMRT.IN,GHA,2012,43.4,,
SP.DYN.IMRT.IN,GHA,2013,41.8,,
SP.DYN.IMRT.IN,GHA,2014,40.2,,
SP.DYN.IMRT.IN,GHA,2015,38.8,,
SP.DYN.IMRT.IN,GHA,2016,37.4,,
SP.DYN.IMRT.IN,GHA,2017,36.2,,
SP.DYN.IMRT.IN,GHA,2018,35,,
SP.DYN.IMRT.IN,GHA,2019,34,,
SP.DYN.LE00.IN,GHA,1970,49.34,,
SP.DYN.LE00.IN,GHA,1971,49.625,,
SP.DYN.LE00.IN,GHA,1972,49.912,,
SP.DYN.LE00.IN,GHA,1973,50.206,,
SP.DYN.LE00.IN,GHA,1974,50.507,,
SP.DYN.LE00.IN,GHA,1975,50.811,,
SP.DYN.LE00.IN,GHA,1976,51.113,,
SP.DYN.LE00.IN,GHA,1977,51.409,,
SP.DYN.LE00.IN,GHA,1978,51.698,,
SP.DYN.LE00.IN,GHA,1979,51.984,,
SP.DYN.LE00.IN,GHA,1980,52.277,,
SP.DYN.LE00.IN,GHA,1981,52.585,,
SP.DYN.LE00.IN,GHA,1982,52.92,,
SP.DYN.LE00.IN,GHA,1983,53.286,,
SP.DYN.LE00.IN,GHA,1984,53.685,,
SP.DYN.LE00.IN,GHA,1985,54.127,,
SP.DYN.LE00.IN,GHA,1986,54.622,,
SP.DYN.LE00.IN,GHA,1987,55.159,,
SP.DYN.LE00.IN,GHA,1988,55.717,,
SP.DYN.LE00.IN,GHA,1989,56.271,,
SP.DYN.LE00.IN,GHA,1990,56.776,,
SP.DYN.LE00.IN,GHA,1991,57.182,,
SP.DYN.LE00.IN,GHA,1992,57.462,,
SP.DYN.LE00.IN,GHA,1993,57.605,,
SP.DYN.LE00.IN,GHA,1994,57.62,,
SP.DYN.LE00.IN,GHA,1995,57.528,,
SP.DYN.LE00.IN,GHA,1996,57.366,,
SP.DYN.LE00.IN,GHA,1997,57.187,,
SP.DYN.LE00.IN,GHA,1998,57.045,,
SP.DYN.LE00.IN,GHA,1999,56.972,,
SP.DYN.LE00.IN,GHA,2000,57.002,,
SP.DYN.LE00.IN,GHA,2001,57.158,,
SP.DYN.LE00.IN,GHA,2002,57.425,,
SP.DYN.LE00.IN,GHA,2003,57.785,,
SP.DYN.LE00.IN,GHA,2004,58.225,,
SP.DYN.LE00.IN,GHA,2005,58.719,,
SP.DYN.LE00.IN,GHA,2006,59.234,,
SP.DYN.LE00.IN,GHA,2007,59.741,,
SP.DYN.LE00.IN,GHA,2008,60.216,,
SP.DYN.LE00.IN,GHA,2009,60.645,,
SP.DYN.LE00.IN,GHA,2010,61.03,,
SP.DYN.LE00.IN,GHA,2011,61.381,,
SP.DYN.LE00.IN,GHA,2012,61.72,,
SP.DYN.LE00.IN,GHA,2013,62.064,,
SP.DYN.LE00.IN,GHA,2014,62.416,,
SP.DYN.LE00.IN,GHA,2015,62.772,,
SP.DYN.LE00.IN,GHA,2016,63.124,,
SP.DYN.LE00.IN,GHA,2017,63.463,,
SP.DYN.LE00.IN,GHA,2018,63.78,,
SP.DYN.LE00.IN,GHA,2019,64.074,,
SP.DYN.TFRT.IN,GHA,1970,6.95,,
SP.DYN.TFRT.IN,GHA,1971,6.936,,
SP.DYN.TFRT.IN,GHA,1972,6.915,,
SP.DYN.TFRT.IN,GHA,1973,6.888,,
SP.DYN.TFRT.IN,GHA,1974,6.855,,
SP.DYN.TFRT.IN,GHA,1975,6.815,,
SP.DYN.TFRT.IN,GHA,1976,6.771,,
SP.DYN.TFRT.IN,GHA,1977,6.721,,
SP.DYN.TFRT.IN,GHA,1978,6.665,,
SP.DYN.TFRT.IN,GHA,1979,6.605,,
SP.DYN.TFRT.IN,GHA,1980,6.539,,
SP.DYN.TFRT.IN,GHA,1981,6.468,,
SP.DYN.TFRT.IN,GHA,1982,6.392,,
SP.DYN.TFRT.IN,GHA,1983,6.31,,
SP.DYN.TFRT.IN,GHA,1984,6.223,,
SP.DYN.TFRT.IN,GHA,1985,6.131,,
SP.DYN.TFRT.IN,GHA,1986,6.032,,
SP.DYN.TFRT.IN,GHA,1987,5.928,,
SP.DYN.TFRT.IN,GHA,1988,5.82,,
SP.DYN.TFRT.IN,GHA,1989,5.71,,
SP.DYN.TFRT.IN,GHA,1990,5.602,,
SP.DYN.TFRT.IN,GHA,1991,5.499,,
SP.DYN.TFRT.IN,GHA,1992,5.403,,
SP.DYN.TFRT.IN,GHA,1993,5.317,,
SP.DYN.TFRT.IN,GHA,1994,5.239,,
SP.DYN.TFRT.IN,GHA,1995,5.168,,
SP.DYN.TFRT.IN,GHA,1996,5.102,,
SP.DYN.TFRT.IN,GHA,1997,5.036,,
SP.DYN.TFRT.IN,GHA,1998,4.969,,
SP.DYN.TFRT.IN,GHA,1999,4.899,,
SP.DYN.TFRT.IN,GHA,2000,4.826,,
SP.DYN.TFRT.IN,GHA,2001,4.753,,
SP.DYN.TFRT.IN,GHA,2002,4.681,,
SP.DYN.TFRT.IN,GHA,2003,4.612,,
SP.DYN.TFRT.IN,GHA,2004,4.548,,
SP.DYN.TFRT.IN,GHA,2005,4.49,,
SP.DYN.TFRT.IN,GHA,2006,4.438,,
SP.DYN.TFRT.IN,GHA,2007,4.392,,
SP.DYN.TFRT.IN,GHA,2008,4.35,,
SP.DYN.TFRT.IN,GHA,2009,4.311,,
SP.DYN.TFRT.IN,GHA,2010,4.273,,
SP.DYN.TFRT.IN,GHA,2011,4.234,,
SP.DYN.TFRT.IN,GHA,2012,4.192,,
SP.DYN.TFRT.IN,GHA,2013,4.146,,
SP.DYN.TFRT.IN,GHA,2014,4.095,,
SP.DYN.TFRT.IN,GHA,2015,4.041,,
SP.DYN.TFRT.IN,GHA,2016,3.984,,
SP.DYN.TFRT.IN,GHA,2017,3.926,,
SP.DYN.TFRT.IN,GHA,2018,3.87,,
SP.DYN.TFRT.IN,GHA,2019,3.816,,
SP.POP.GROW,GHA,1970,2.49759,,
SP.POP.GROW,GHA,1971,2.68532,,
SP.POP.GROW,GHA,1972,2.81724,,
SP.POP.GROW,GHA,1973,2.81928,,
SP.POP.GROW,GHA,1974,2.65619,,
SP.POP.GROW,GHA,1975,2.40039,,
SP.POP.GROW,GHA,1976,2.11271,,
SP.POP.GROW,GHA,1977,1.90627,,
SP.POP.GROW,GHA,1978,1.85667,,
SP.POP.GROW,GHA,1979,2.01032,,
SP.POP.GROW,GHA,1980,2.2945,,
SP.POP.GROW,GHA,1981,2.60834,,
SP.POP.GROW,GHA,1982,2.85396,,
SP.POP.GROW,GHA,1983,3.0093,,
SP.POP.GROW,GHA,1984,3.04534,,
SP.POP.GROW,GHA,1985,3.00117,,
SP.POP.GROW,GHA,1986,2.93851,,
SP.POP.GROW,GHA,1987,2.89861,,
SP.POP.GROW,GHA,1988,2.87321,,
SP.POP.GROW,GHA,1989,2.87197,,
SP.POP.GROW,GHA,1990,2.88323,,
SP.POP.GROW,GHA,1991,2.89598,,
SP.POP.GROW,GHA,1992,2.89051,,
SP.POP.GROW,GHA,1993,2.85542,,
SP.POP.GROW,GHA,1994,2.78526,,
SP.POP.GROW,GHA,1995,2.69485,,
SP.POP.GROW,GHA,1996,2.6016,,
SP.POP.GROW,GHA,1997,2.52461,,
SP.POP.GROW,GHA,1998,2.47175,,
SP.POP.GROW,GHA,1999,2.44949,,
SP.POP.GROW,GHA,2000,2.44941,,
SP.POP.GROW,GHA,2001,2.44956,,
SP.POP.GROW,GHA,2002,2.44715,,
SP.POP.GROW,GHA,2003,2.45853,,
SP.POP.GROW,GHA,2004,2.4846,,
SP.POP.GROW,GHA,2005,2.51746,,
SP.POP.GROW,GHA,2006,2.55439,,
SP.POP.GROW,GHA,2007,2.57999,,
SP.POP.GROW,GHA,2008,2.57876,,
SP.POP.GROW,GHA,2009,2.54382,,
SP.POP.GROW,GHA,2010,2.48701,,
SP.POP.GROW,GHA,2011,2.4244,,
SP.POP.GROW,GHA,2012,2.36948,,
SP.POP.GROW,GHA,2013,2.32383,,
SP.POP.GROW,GHA,2014,2.29181,,
SP.POP.GROW,GHA,2015,2.26878,,
SP.POP.GROW,GHA,2016,2.24661,,
SP.POP.GROW,GHA,2017,2.2205,,
SP.POP.GROW,GHA,2018,2.19285,,
SP.POP.GROW,GHA,2019,2.16258,,
SP.RUR.TOTL.ZS,GHA,1970,71.042,,
SP.RUR.TOTL.ZS,GHA,1971,70.826,,
SP.RUR.TOTL.ZS,GHA,1972,70.608,,
SP.RUR.TOTL.ZS,GHA,1973,70.39,,
SP.RUR.TOTL.ZS,GHA,1974,70.171,,
SP.RUR.TOTL.ZS,GHA,1975,69.951,,
SP.RUR.TOTL.ZS,GHA,1976,69.73,,
SP.RUR.TOTL.ZS,GHA,1977,69.508,,
SP.RUR.TOTL.ZS,GHA,1978,69.286,,
SP.RUR.TOTL.ZS,GHA,1979,69.062,,
SP.RUR.TOTL.ZS,GHA,1980,68.837,,
SP.RUR.TOTL.ZS,GHA,1981,68.612,,
SP.RUR.TOTL.ZS,GHA,1982,68.386,,
SP.RUR.TOTL.ZS,GHA,1983,68.158,,
SP.RUR.TOTL.ZS,GHA,1984,67.791,,
SP.RUR.TOTL.ZS,GHA,1985,67.104,,
SP.RUR.TOTL.ZS,GHA,1986,66.409,,
SP.RUR.TOTL.ZS,GHA,1987,65.707,,
SP.RUR.TOTL.ZS,GHA,1988,64.996,,
SP.RUR.TOTL.ZS,GHA,1989,64.281,,
SP.RUR.TOTL.ZS,GHA,1990,63.559,,
SP.RUR.TOTL.ZS,GHA,1991,62.83,,
SP.RUR.TOTL.ZS,GHA,1992,62.095,,
SP.RUR.TOTL.ZS,GHA,1993,61.356,,
SP.RUR.TOTL.ZS,GHA,1994,60.61,,
SP.RUR.TOTL.ZS,GHA,1995,59.86,,
SP.RUR.TOTL.ZS,GHA,1996,59.104,,
SP.RUR.TOTL.ZS,GHA,1997,58.346,,
SP.RUR.TOTL.ZS,GHA,1998,57.582,,
SP.RUR.TOTL.ZS,GHA,1999,56.816,,
SP.RUR.TOTL.ZS,GHA,2000,56.071,,
SP.RUR.TOTL.ZS,GHA,2001,55.399,,
SP.RUR.TOTL.ZS,GHA,2002,54.725,,
SP.RUR.TOTL.ZS,GHA,2003,54.049,,
SP.RUR.TOTL.ZS,GHA,2004,53.37,,
SP.RUR.TOTL.ZS,GHA,2005,52.692,,
SP.RUR.TOTL.ZS,GHA,2006,52.012,,
SP.RUR.TOTL.ZS,GHA,2007,51.331,,
SP.RUR.TOTL.ZS,GHA,2008,50.649,,
SP.RUR.TOTL.ZS,GHA,2009,49.969,,
SP.RUR.TOTL.ZS,GHA,2010,49.287,,
SP.RUR.TOTL.ZS,GHA,2011,48.606,,
SP.RUR.TOTL.ZS,GHA,2012,47.927,,
SP.RUR.TOTL.ZS,GHA,2013,47.252,,
SP.RUR.TOTL.ZS,GHA,2014,46.581,,
SP.RUR.TOTL.ZS,GHA,2015,45.914,,
SP.RUR.TOTL.ZS,GHA,2016,45.251,,
SP.RUR.TOTL.ZS,GHA,2017,44.593,,
SP.RUR.TOTL.ZS,GHA,2018,43.94,,
SP.RUR.TOTL.ZS,GHA,2019,43.293,,
XTGOV.IMF,GHA,1980,1000000,,
XTGOV.IMF,GHA,1981,1000000,,
XTGOV.IMF,GHA,1982,1000000,,
XTGOV.IMF,GHA,1983,2000000,,
XTGOV.IMF,GHA,1984,3000000,,
XTGOV.IMF,GHA,1985,5000000,,
XTGOV.IMF,GHA,1986,10000000,,
XTGOV.IMF,GHA,1987,14000000,,
XTGOV.IMF,GHA,1988,20000000,,
XTGOV.IMF,GHA,1989,27000000,,
XTGOV.IMF,GHA,1990,34000000,,
XTGOV.IMF,GHA,1991,46000000,,
XTGOV.IMF,GHA,1992,71000000,,
XTGOV.IMF,GHA,1993,114000000,,
XTGOV.IMF,GHA,1994,163000000,,
XTGOV.IMF,GHA,1995,244000000,,
XTGOV.IMF,GHA,1996,338000000,,
XTGOV.IMF,GHA,1997,417000000,,
XTGOV.IMF,GHA,1998,505000000,,
XTGOV.IMF,GHA,1999,568000000,,
XTGOV.IMF,GHA,2000,806000000,,
XTGOV.IMF,GHA,2001,1295000000,,
XTGOV.IMF,GHA,2002,1286000000,,
XTGOV.IMF,GHA,2003,1975000000,,
XTGOV.IMF,GHA,2004,2690000000,,
XTGOV.IMF,GHA,2005,3081000000,,
XTGOV.IMF,GHA,2006,4072000000,,
XTGOV.IMF,GHA,2007,5727000000,,
XTGOV.IMF,GHA,2008,7229000000,,
XTGOV.IMF,GHA,2009,8651000000,,
XTGOV.IMF,GHA,2010,12326000000,,
XTGOV.IMF,GHA,2011,15896000000,,
XTGOV.IMF,GHA,2012,22438000000,,
XTGOV.IMF,GHA,2013,26843000000,,
XTGOV.IMF,GHA,2014,33270000000,,
XTGOV.IMF,GHA,2015,34179000000,,
XTGOV.IMF,GHA,2016,43679000000,,
XTGOV.IMF,GHA,2017,46206000000,,
XTGOV.IMF,GHA,2018,64480000000,,
XTGOV.IMF,GHA,2019,75401000000,,
